data,filename
voucher_d931df31-9cf3-4985-b53a-564ddac6514c,voucher_d931df31-9cf3-4985-b53a-564ddac6514c.png
voucher_c1034d36-2079-46c4-a97c-87481d2a7190,voucher_c1034d36-2079-46c4-a97c-87481d2a7190.png
voucher_071f9fdf-0df1-492f-88aa-7da96b292dfd,voucher_071f9fdf-0df1-492f-88aa-7da96b292dfd.png
voucher_bd9d4cce-a783-4870-81bc-2fc84bcda135,voucher_bd9d4cce-a783-4870-81bc-2fc84bcda135.png
voucher_602474ba-99a8-440e-9e67-2ee167a0fdb8,voucher_602474ba-99a8-440e-9e67-2ee167a0fdb8.png
voucher_6161fc88-d7c8-48d5-8efd-1279134ae684,voucher_6161fc88-d7c8-48d5-8efd-1279134ae684.png
voucher_8960030b-5222-45cf-af66-d218e472c950,voucher_8960030b-5222-45cf-af66-d218e472c950.png
voucher_4658bd8e-7515-4453-be7b-f27500241ac7,voucher_4658bd8e-7515-4453-be7b-f27500241ac7.png
voucher_41bd6cbd-296b-4d12-b0a4-1b66b7e58edb,voucher_41bd6cbd-296b-4d12-b0a4-1b66b7e58edb.png
voucher_e2c4b834-2123-465a-bbb8-abc31e7d83d9,voucher_e2c4b834-2123-465a-bbb8-abc31e7d83d9.png
voucher_926f70f4-0a55-4b66-a3b2-67cf345435a3,voucher_926f70f4-0a55-4b66-a3b2-67cf345435a3.png
voucher_50e3c83a-5efc-44c0-88bd-649e27640a9c,voucher_50e3c83a-5efc-44c0-88bd-649e27640a9c.png
voucher_6f2247e8-5ee8-40e4-85af-7834907bbf4d,voucher_6f2247e8-5ee8-40e4-85af-7834907bbf4d.png
voucher_f9b20144-3c91-4210-8c92-af1dc33a55c9,voucher_f9b20144-3c91-4210-8c92-af1dc33a55c9.png
voucher_15e376ff-a9c3-48f5-ad87-9c262def2a69,voucher_15e376ff-a9c3-48f5-ad87-9c262def2a69.png
voucher_a907366c-87f3-4b74-86ba-904a8a40f80d,voucher_a907366c-87f3-4b74-86ba-904a8a40f80d.png
voucher_5bd238ff-a79c-4f3c-bd8f-db12c8ed2735,voucher_5bd238ff-a79c-4f3c-bd8f-db12c8ed2735.png
voucher_de80aae7-8244-4363-9bc3-56395352aca2,voucher_de80aae7-8244-4363-9bc3-56395352aca2.png
voucher_c3551523-0b84-4417-94b9-0e421c942164,voucher_c3551523-0b84-4417-94b9-0e421c942164.png
voucher_ccfc9858-baab-494a-92f5-bf2b6ef76573,voucher_ccfc9858-baab-494a-92f5-bf2b6ef76573.png
voucher_dc72b1d2-ddd4-4b5b-863b-77735e948938,voucher_dc72b1d2-ddd4-4b5b-863b-77735e948938.png
voucher_eaf53efe-effd-47d9-9204-62616c906dd3,voucher_eaf53efe-effd-47d9-9204-62616c906dd3.png
voucher_626ca970-27f3-428c-ac6a-8f9c654591d0,voucher_626ca970-27f3-428c-ac6a-8f9c654591d0.png
voucher_5ffcce16-8532-4a88-a6a7-c63b2c4238de,voucher_5ffcce16-8532-4a88-a6a7-c63b2c4238de.png
voucher_38706c80-bb57-4d7a-a0a8-a1766e570f8c,voucher_38706c80-bb57-4d7a-a0a8-a1766e570f8c.png
voucher_5c97ff0c-bb08-4fd7-b17e-a248850d4eb3,voucher_5c97ff0c-bb08-4fd7-b17e-a248850d4eb3.png
voucher_2e96d1f6-af5d-4712-86a3-b8c698905f63,voucher_2e96d1f6-af5d-4712-86a3-b8c698905f63.png
voucher_191f723b-7011-4d04-9ede-101ce53b57c2,voucher_191f723b-7011-4d04-9ede-101ce53b57c2.png
voucher_7c2605f8-f535-4cc5-96a0-e8b421daa3c7,voucher_7c2605f8-f535-4cc5-96a0-e8b421daa3c7.png
voucher_98b28e70-d19a-41f1-86c4-c6f61995802d,voucher_98b28e70-d19a-41f1-86c4-c6f61995802d.png
voucher_8d8d15ca-e392-400c-88d1-a48667cfb78f,voucher_8d8d15ca-e392-400c-88d1-a48667cfb78f.png
voucher_12a42d17-2b34-46be-a37d-87f097b17f33,voucher_12a42d17-2b34-46be-a37d-87f097b17f33.png
voucher_226710db-bf68-4d1b-b0bf-0cd331614d0e,voucher_226710db-bf68-4d1b-b0bf-0cd331614d0e.png
voucher_3d8c5fd0-a533-4e80-bbab-65a2c0203e46,voucher_3d8c5fd0-a533-4e80-bbab-65a2c0203e46.png
voucher_2aef9cfb-ca10-4b9d-a634-115ef22c5ef1,voucher_2aef9cfb-ca10-4b9d-a634-115ef22c5ef1.png
voucher_09bbc45f-f60f-4309-8e44-36f278c3c034,voucher_09bbc45f-f60f-4309-8e44-36f278c3c034.png
voucher_522db215-d13b-4086-8f45-7ed7e9e52961,voucher_522db215-d13b-4086-8f45-7ed7e9e52961.png
voucher_5df9bbd3-41f4-49cb-992c-02b9a5b221f0,voucher_5df9bbd3-41f4-49cb-992c-02b9a5b221f0.png
voucher_3de2d564-4529-4b49-8db8-d8a1a55b6137,voucher_3de2d564-4529-4b49-8db8-d8a1a55b6137.png
voucher_3585d2df-dbc1-4d52-94a5-bae3a16b3899,voucher_3585d2df-dbc1-4d52-94a5-bae3a16b3899.png
voucher_1489d229-dd68-446d-b965-856925534542,voucher_1489d229-dd68-446d-b965-856925534542.png
voucher_61f8e780-6ab0-4706-82d8-1897485de764,voucher_61f8e780-6ab0-4706-82d8-1897485de764.png
voucher_f4a850ed-52c8-476b-9399-dd5022eff599,voucher_f4a850ed-52c8-476b-9399-dd5022eff599.png
voucher_5c6bf265-1037-46ec-a62e-ce0c73f84b1e,voucher_5c6bf265-1037-46ec-a62e-ce0c73f84b1e.png
voucher_4f31bc53-69e3-4f17-b996-34c4cdd3aaf5,voucher_4f31bc53-69e3-4f17-b996-34c4cdd3aaf5.png
voucher_a7386b1d-4dbc-4ee1-8bb3-b13bc6c1c701,voucher_a7386b1d-4dbc-4ee1-8bb3-b13bc6c1c701.png
voucher_fabe308a-737f-49c9-b628-d6ead6d3dd69,voucher_fabe308a-737f-49c9-b628-d6ead6d3dd69.png
voucher_94de8288-445d-47b5-8eae-575f373e9d16,voucher_94de8288-445d-47b5-8eae-575f373e9d16.png
voucher_a8a526f4-df0f-4bed-93c6-f7284f6765e0,voucher_a8a526f4-df0f-4bed-93c6-f7284f6765e0.png
voucher_4ea5d6d5-1b5f-4367-9ffb-ec7da738c89b,voucher_4ea5d6d5-1b5f-4367-9ffb-ec7da738c89b.png
voucher_6c8f2f4b-12ef-44db-812c-e331b88f0360,voucher_6c8f2f4b-12ef-44db-812c-e331b88f0360.png
voucher_bebb590e-db42-4ad6-a58d-c1dea94ad984,voucher_bebb590e-db42-4ad6-a58d-c1dea94ad984.png
voucher_3855946a-c681-4e27-9668-e84e7a368125,voucher_3855946a-c681-4e27-9668-e84e7a368125.png
voucher_7139dbdc-4496-42c7-853b-e1bfa6eacb02,voucher_7139dbdc-4496-42c7-853b-e1bfa6eacb02.png
voucher_4f6da93d-096a-44b6-9674-2938e14d4737,voucher_4f6da93d-096a-44b6-9674-2938e14d4737.png
voucher_f30f717d-525b-4fc3-a92f-416201bffd55,voucher_f30f717d-525b-4fc3-a92f-416201bffd55.png
voucher_164f4772-00a8-4109-905b-5677ea9a6ed1,voucher_164f4772-00a8-4109-905b-5677ea9a6ed1.png
voucher_87d11426-54b6-43ac-89da-9114680480cd,voucher_87d11426-54b6-43ac-89da-9114680480cd.png
voucher_041c1fe7-5e0a-4594-9a55-215355b5d5ab,voucher_041c1fe7-5e0a-4594-9a55-215355b5d5ab.png
voucher_d1f492aa-5116-4be8-b678-28b134d92f37,voucher_d1f492aa-5116-4be8-b678-28b134d92f37.png
voucher_793a6d5b-39c3-42ae-9d0b-2346648ea97b,voucher_793a6d5b-39c3-42ae-9d0b-2346648ea97b.png
voucher_224011fb-21a5-4983-ae77-f9dbde3d7dda,voucher_224011fb-21a5-4983-ae77-f9dbde3d7dda.png
voucher_b1eeea98-cc3a-42e7-8cfa-822c5836b092,voucher_b1eeea98-cc3a-42e7-8cfa-822c5836b092.png
voucher_243fe504-758a-4c71-9fe3-518ce583ae4f,voucher_243fe504-758a-4c71-9fe3-518ce583ae4f.png
voucher_ad78cbb0-484c-41b8-b70d-3c33d9c54c29,voucher_ad78cbb0-484c-41b8-b70d-3c33d9c54c29.png
voucher_76a0c7ce-fecd-4e87-9b82-04a1212b005b,voucher_76a0c7ce-fecd-4e87-9b82-04a1212b005b.png
voucher_ad007fcf-15ed-4e2c-bfcc-729df77441cb,voucher_ad007fcf-15ed-4e2c-bfcc-729df77441cb.png
voucher_5231bda3-a64a-4b1b-bc05-7bd80face665,voucher_5231bda3-a64a-4b1b-bc05-7bd80face665.png
voucher_c2c3b261-cf76-488c-a947-ce7d684de17d,voucher_c2c3b261-cf76-488c-a947-ce7d684de17d.png
voucher_e7719ae0-d5fd-4b51-b36f-aa7f6505ee26,voucher_e7719ae0-d5fd-4b51-b36f-aa7f6505ee26.png
voucher_3069e323-00e2-413f-8364-aa0d00ef3ed7,voucher_3069e323-00e2-413f-8364-aa0d00ef3ed7.png
voucher_0b780bb9-61c1-4cf8-ba36-367d8a7dd0be,voucher_0b780bb9-61c1-4cf8-ba36-367d8a7dd0be.png
voucher_5bfe26bf-88e9-4817-b6c8-3f084185ecdf,voucher_5bfe26bf-88e9-4817-b6c8-3f084185ecdf.png
voucher_05b4c1ec-895c-4642-aaaa-7600d82dda41,voucher_05b4c1ec-895c-4642-aaaa-7600d82dda41.png
voucher_05d55614-b2de-48b1-84d5-653daf69a067,voucher_05d55614-b2de-48b1-84d5-653daf69a067.png
voucher_0e04ab9d-9639-43b9-83ef-fefc2b5e3846,voucher_0e04ab9d-9639-43b9-83ef-fefc2b5e3846.png
voucher_f6163eb5-1429-49ed-b2fa-e4cb4c9671dd,voucher_f6163eb5-1429-49ed-b2fa-e4cb4c9671dd.png
voucher_5d62e28f-8ba4-40ff-ad7b-bab544b74d65,voucher_5d62e28f-8ba4-40ff-ad7b-bab544b74d65.png
voucher_e6add413-4fd5-43bb-a090-ca5aadfa6a22,voucher_e6add413-4fd5-43bb-a090-ca5aadfa6a22.png
voucher_5bdc4037-4cef-4f1e-bb92-0eed15eb326c,voucher_5bdc4037-4cef-4f1e-bb92-0eed15eb326c.png
voucher_d76b9041-0ad1-491d-b910-2a908eab79f5,voucher_d76b9041-0ad1-491d-b910-2a908eab79f5.png
voucher_97a9c2b7-08d0-4efc-9e0c-161ed1c6a402,voucher_97a9c2b7-08d0-4efc-9e0c-161ed1c6a402.png
voucher_15725462-6673-4e61-977b-0643f1acdc3e,voucher_15725462-6673-4e61-977b-0643f1acdc3e.png
voucher_4053ea5a-ba92-4e41-9d40-3889a6d765a9,voucher_4053ea5a-ba92-4e41-9d40-3889a6d765a9.png
voucher_42685ee2-edcd-4791-a2a7-e66213104c05,voucher_42685ee2-edcd-4791-a2a7-e66213104c05.png
voucher_77bda9f0-f5d8-41ca-b347-4fdd7bade355,voucher_77bda9f0-f5d8-41ca-b347-4fdd7bade355.png
voucher_0ea610c4-ef4c-4201-bed8-2338d1805b67,voucher_0ea610c4-ef4c-4201-bed8-2338d1805b67.png
voucher_9651981a-34af-4b01-8912-b24debeb21cb,voucher_9651981a-34af-4b01-8912-b24debeb21cb.png
voucher_4fba2ca8-c445-4385-88e6-e02f7835faa9,voucher_4fba2ca8-c445-4385-88e6-e02f7835faa9.png
voucher_d92c11d7-e7f4-42ea-9ac8-adc88129fb29,voucher_d92c11d7-e7f4-42ea-9ac8-adc88129fb29.png
voucher_6603ec9a-b99b-463d-82ef-6984c36808da,voucher_6603ec9a-b99b-463d-82ef-6984c36808da.png
voucher_ff6ef5c4-a486-44e7-b4fd-90ebb5967d5b,voucher_ff6ef5c4-a486-44e7-b4fd-90ebb5967d5b.png
voucher_65ba5599-f5f9-43f4-930d-118d3b006308,voucher_65ba5599-f5f9-43f4-930d-118d3b006308.png
voucher_ef7d6b7d-77b7-4746-b359-bf2dcaf6caf1,voucher_ef7d6b7d-77b7-4746-b359-bf2dcaf6caf1.png
voucher_3dab94e6-74bd-4eab-80dd-0edefa94bf69,voucher_3dab94e6-74bd-4eab-80dd-0edefa94bf69.png
voucher_c0b6ab8c-8efa-496e-9c6d-74ae8711fd12,voucher_c0b6ab8c-8efa-496e-9c6d-74ae8711fd12.png
voucher_771c7c16-e867-4a14-90ef-c7ba5638fece,voucher_771c7c16-e867-4a14-90ef-c7ba5638fece.png
voucher_8f6dd675-ac04-459d-bea6-af2f753eb4c1,voucher_8f6dd675-ac04-459d-bea6-af2f753eb4c1.png
voucher_d7bd5615-165a-4f0e-8689-4d271a34213b,voucher_d7bd5615-165a-4f0e-8689-4d271a34213b.png
voucher_7eb95e4a-c16f-477b-9062-641aa6300694,voucher_7eb95e4a-c16f-477b-9062-641aa6300694.png
voucher_e6b2f890-98be-46a0-87ac-00b24a1c1cdf,voucher_e6b2f890-98be-46a0-87ac-00b24a1c1cdf.png
voucher_2dd3224d-fd39-49b0-ba5b-d93ef63b0b17,voucher_2dd3224d-fd39-49b0-ba5b-d93ef63b0b17.png
voucher_f496540a-08f5-4ce0-a9e5-6732e5c1105b,voucher_f496540a-08f5-4ce0-a9e5-6732e5c1105b.png
voucher_a544186a-5b3c-45f0-a15d-9d708326a065,voucher_a544186a-5b3c-45f0-a15d-9d708326a065.png
voucher_b85e5e41-8dd3-4b8e-96a6-c0bd55792ab3,voucher_b85e5e41-8dd3-4b8e-96a6-c0bd55792ab3.png
voucher_c534fcd4-597f-4885-be87-d594b07de4d9,voucher_c534fcd4-597f-4885-be87-d594b07de4d9.png
voucher_b8a5b5a6-b8ea-49ad-b4af-8372da98283e,voucher_b8a5b5a6-b8ea-49ad-b4af-8372da98283e.png
voucher_635eed15-623b-49a0-85ed-7cd41f22a1f5,voucher_635eed15-623b-49a0-85ed-7cd41f22a1f5.png
voucher_972c11e4-c2a3-4a7d-ac31-40c301086b22,voucher_972c11e4-c2a3-4a7d-ac31-40c301086b22.png
voucher_6bebd67c-3ff9-4445-896b-0f4d56c04727,voucher_6bebd67c-3ff9-4445-896b-0f4d56c04727.png
voucher_d92d11cb-55f9-4079-b81a-c13a7fb426da,voucher_d92d11cb-55f9-4079-b81a-c13a7fb426da.png
voucher_8a771d96-d978-4614-8d63-4a3a028d2c4a,voucher_8a771d96-d978-4614-8d63-4a3a028d2c4a.png
voucher_9f629531-2ace-4647-a988-edbd5010e49d,voucher_9f629531-2ace-4647-a988-edbd5010e49d.png
voucher_9580aa3b-0123-459b-8c45-8a57e4075a16,voucher_9580aa3b-0123-459b-8c45-8a57e4075a16.png
voucher_f2ffaa56-258d-496d-ad75-6d433e3249e7,voucher_f2ffaa56-258d-496d-ad75-6d433e3249e7.png
voucher_ed73d76a-4a4c-40b4-8c24-e669d4d2ae95,voucher_ed73d76a-4a4c-40b4-8c24-e669d4d2ae95.png
voucher_d964bb00-f225-4e30-a9e9-709591e77b5b,voucher_d964bb00-f225-4e30-a9e9-709591e77b5b.png
voucher_36c0cd31-99e9-4f0a-95c8-8c60138e1208,voucher_36c0cd31-99e9-4f0a-95c8-8c60138e1208.png
voucher_b5a8300e-7439-4af5-aaba-aa930f667407,voucher_b5a8300e-7439-4af5-aaba-aa930f667407.png
voucher_9c06c500-5504-415d-b7f6-38c6bf731507,voucher_9c06c500-5504-415d-b7f6-38c6bf731507.png
voucher_44438e2b-d68a-452c-a1a6-5e8d1a3bfd35,voucher_44438e2b-d68a-452c-a1a6-5e8d1a3bfd35.png
voucher_8b620714-c600-4184-9c99-e1669aeb042b,voucher_8b620714-c600-4184-9c99-e1669aeb042b.png
voucher_89885043-f1d6-4e92-ba56-f009f1f31a74,voucher_89885043-f1d6-4e92-ba56-f009f1f31a74.png
voucher_a8702639-80f6-4410-a522-1a70733d4274,voucher_a8702639-80f6-4410-a522-1a70733d4274.png
voucher_d30702ff-db6d-48c2-a0a7-0797f368ba74,voucher_d30702ff-db6d-48c2-a0a7-0797f368ba74.png
voucher_1c1bb390-ae8e-4708-a876-05350e97710e,voucher_1c1bb390-ae8e-4708-a876-05350e97710e.png
voucher_be7bc13f-9e28-45d2-862e-c3a9f050ed6e,voucher_be7bc13f-9e28-45d2-862e-c3a9f050ed6e.png
voucher_422b856e-b481-409c-9f6b-d3e4443a564c,voucher_422b856e-b481-409c-9f6b-d3e4443a564c.png
voucher_c6fe72e8-0545-49ac-9eab-44862a444f28,voucher_c6fe72e8-0545-49ac-9eab-44862a444f28.png
voucher_0f1ca125-adc0-4a44-bf75-f0c6b54bbc8a,voucher_0f1ca125-adc0-4a44-bf75-f0c6b54bbc8a.png
voucher_26bcdb4b-1e02-4d86-9db3-bf1dc7bf44eb,voucher_26bcdb4b-1e02-4d86-9db3-bf1dc7bf44eb.png
voucher_9f54c54f-189f-4ceb-b968-5e95b5813239,voucher_9f54c54f-189f-4ceb-b968-5e95b5813239.png
voucher_b0b27a60-bf89-4190-8f34-046826e3c897,voucher_b0b27a60-bf89-4190-8f34-046826e3c897.png
voucher_f298bf85-ce77-4042-b4dc-4d27515b2a56,voucher_f298bf85-ce77-4042-b4dc-4d27515b2a56.png
voucher_ea5f3402-5e95-4689-97a4-160dcfd839eb,voucher_ea5f3402-5e95-4689-97a4-160dcfd839eb.png
voucher_146d5d6c-7dc4-439f-81de-ddeb93177229,voucher_146d5d6c-7dc4-439f-81de-ddeb93177229.png
voucher_3576d9ab-e86b-4bf6-a115-acbb3a5b97b6,voucher_3576d9ab-e86b-4bf6-a115-acbb3a5b97b6.png
voucher_53f5f6b4-1b31-4a5d-8713-a1fd237f8c8a,voucher_53f5f6b4-1b31-4a5d-8713-a1fd237f8c8a.png
voucher_53c09902-5785-4ce0-b54c-4aabe70fae5c,voucher_53c09902-5785-4ce0-b54c-4aabe70fae5c.png
voucher_a1a5c2b2-c623-4bbe-a39b-9b033b9d8a61,voucher_a1a5c2b2-c623-4bbe-a39b-9b033b9d8a61.png
voucher_3d0ab2e4-9c1c-41f8-b278-3d3102b961c1,voucher_3d0ab2e4-9c1c-41f8-b278-3d3102b961c1.png
voucher_9dabc565-51aa-44c8-b7dc-cc9ed61bbcbb,voucher_9dabc565-51aa-44c8-b7dc-cc9ed61bbcbb.png
voucher_86c8663b-f8a6-48e3-b154-46e4882a624a,voucher_86c8663b-f8a6-48e3-b154-46e4882a624a.png
voucher_20afa329-2772-4aab-a5c4-fdfdd7e0b17f,voucher_20afa329-2772-4aab-a5c4-fdfdd7e0b17f.png
voucher_7aacfe60-a85c-4420-8868-7da0e8da4fdc,voucher_7aacfe60-a85c-4420-8868-7da0e8da4fdc.png
voucher_30fcda82-af47-410e-9df0-92309249b183,voucher_30fcda82-af47-410e-9df0-92309249b183.png
voucher_5b2ce390-8286-45bc-a7df-f209a2281a86,voucher_5b2ce390-8286-45bc-a7df-f209a2281a86.png
voucher_338a7bc1-7b23-4a88-abde-5ce4908d24b3,voucher_338a7bc1-7b23-4a88-abde-5ce4908d24b3.png
voucher_cb886e88-ab67-4178-b17b-768a2493897b,voucher_cb886e88-ab67-4178-b17b-768a2493897b.png
voucher_434e8a9f-630a-4ca3-b4d7-65b86dc3acce,voucher_434e8a9f-630a-4ca3-b4d7-65b86dc3acce.png